username,email
Alice,alice@ucsc.edu
Bob,bob@ucsc.edu
Charlie,charlie@ucsc.edu
Albert,albert@ucsc.edu
Kevin,kevin@ucsc.edu
Tyler,tyler@ucsc.edu
Jacky,jacky@ucsc.edu
Minnie,minnie@ucsc.edu
Austin,austin@ucsc.edu
Matthew,matthew@ucsc.edu
Arianna,arianna@ucsc.edu
